customer_id,probability_of_churn,prediction_of_churn
4716-MRVEN,0.0,not_churn
8966-KZXXA,0.0,not_churn
8720-RQSBJ,0.5555555555555556,churn
7504-UWHNB,0.1111111111111111,not_churn
1730-VFMWO,0.0,not_churn
5297-MDOIR,0.2222222222222222,not_churn
1273-MTETI,0.6666666666666666,churn
4847-QNOKA,0.7777777777777778,churn
2091-MJTFX,0.1111111111111111,not_churn
0118-JPNOY,0.3333333333333333,not_churn
3374-LXDEV,0.7777777777777778,churn
1697-BCSHV,0.1111111111111111,not_churn
3070-FNFZQ,0.0,not_churn
7586-ZATGZ,0.2222222222222222,not_churn
7786-WBJYI,0.6666666666666666,churn
9362-MWODR,0.0,not_churn
2391-IPLOP,0.0,not_churn
6656-JWRQX,0.5555555555555556,churn
1623-NLDOT,0.0,not_churn
8908-NMQTX,0.0,not_churn
2789-HQBOU,0.7777777777777778,churn
6289-CPNLD,0.2222222222222222,not_churn
6064-ZATLR,0.1111111111111111,not_churn
5269-NRGDP,0.3333333333333333,not_churn
1428-GTBJJ,0.4444444444444444,not_churn
8474-UMLNT,0.2222222222222222,not_churn
9799-CAYJJ,0.6666666666666666,churn
7302-ZHMHP,0.1111111111111111,not_churn
4835-YSJMR,0.1111111111111111,not_churn
9514-JDSKI,0.5555555555555556,churn
3842-IYKUE,0.2222222222222222,not_churn
9830-ECLEN,0.1111111111111111,not_churn
2696-ECXKC,0.3333333333333333,not_churn
7061-OVMIM,0.0,not_churn
6258-NGCNG,0.0,not_churn
2692-AQCPF,0.1111111111111111,not_churn
7973-DZRKH,0.2222222222222222,not_churn
8337-MSSXB,0.4444444444444444,not_churn
6893-ODYYE,0.2222222222222222,not_churn
4976-LNFVV,0.0,not_churn
9903-LYSAB,0.3333333333333333,not_churn
5469-NUJUR,0.0,not_churn
3768-VHXQO,0.1111111111111111,not_churn
5918-VUKWP,0.2222222222222222,not_churn
7394-LWLYN,0.5555555555555556,churn
6227-FBDXH,0.1111111111111111,not_churn
2581-VKIRT,0.1111111111111111,not_churn
6030-REHUX,0.4444444444444444,not_churn
1150-FTQGN,0.1111111111111111,not_churn
0980-FEXWF,0.0,not_churn
8042-JVNFH,0.7777777777777778,churn
6341-JVQGF,0.3333333333333333,not_churn
7789-HKSBS,0.1111111111111111,not_churn
2815-CPTUL,0.8888888888888888,churn
6933-FHBZC,0.1111111111111111,not_churn
7684-XSZIY,0.0,not_churn
5056-FIMPT,0.5555555555555556,churn
1222-KJNZD,0.0,not_churn
7422-WNBTY,0.4444444444444444,not_churn
6646-JPPHA,0.3333333333333333,not_churn
7901-TBKJX,0.2222222222222222,not_churn
0164-APGRB,0.0,not_churn
6870-ECSHE,0.3333333333333333,not_churn
3683-QKIUE,0.1111111111111111,not_churn
2511-ALLCS,0.0,not_churn
5022-JNQEQ,0.4444444444444444,not_churn
8292-ITGYJ,0.1111111111111111,not_churn
9253-VIFJQ,0.0,not_churn
0661-XEYAN,0.4444444444444444,not_churn
9796-BPKIW,0.2222222222222222,not_churn
6408-WHTEF,0.1111111111111111,not_churn
9617-INGJY,0.7777777777777778,churn
5989-PGKJB,0.3333333333333333,not_churn
9661-JALZV,0.0,not_churn
0270-THENM,0.2222222222222222,not_churn
8966-SNIZF,0.0,not_churn
6368-TZZDT,0.0,not_churn
4385-GZQXV,0.5555555555555556,churn
5453-AXEPF,0.3333333333333333,not_churn
9761-XUJWD,0.6666666666666666,churn
6650-BWFRT,0.0,not_churn
8885-QSQBX,0.1111111111111111,not_churn
6103-BOCOU,0.2222222222222222,not_churn
3466-RITXD,0.5555555555555556,churn
3583-KRKMD,0.2222222222222222,not_churn
6906-MPARY,0.4444444444444444,not_churn
8336-TAVKX,0.0,not_churn
2722-VOJQL,0.3333333333333333,not_churn
6727-IOTLZ,0.4444444444444444,not_churn
5834-ASPWA,0.7777777777777778,churn
1612-EOHDH,0.7777777777777778,churn
4631-OACRM,0.6666666666666666,churn
9770-KXGQU,0.2222222222222222,not_churn
4988-IQIGL,0.7777777777777778,churn
4290-BSXUX,0.7777777777777778,churn
5073-WXOYN,0.1111111111111111,not_churn
6425-JWTDV,0.0,not_churn
5913-INRQV,0.3333333333333333,not_churn
7551-DACSP,0.5555555555555556,churn
9992-UJOEL,0.7777777777777778,churn
6007-TCTST,0.0,not_churn
5176-LMJXE,0.0,not_churn
2834-JKOOW,0.3333333333333333,not_churn
7766-CLTIC,0.3333333333333333,not_churn
9728-FTTVZ,1.0,churn
6328-ZPBGN,0.5555555555555556,churn
0420-BWTPW,0.1111111111111111,not_churn
8118-TJAFG,0.6666666666666666,churn
3985-HOYPM,0.0,not_churn
0239-OXEXL,0.3333333333333333,not_churn
4753-PADAS,0.1111111111111111,not_churn
3658-KIBGF,0.3333333333333333,not_churn
9470-XCCEM,0.3333333333333333,not_churn
5753-QQWPW,0.0,not_churn
4365-MSDYN,0.1111111111111111,not_churn
5850-BDWCY,0.0,not_churn
7826-VVKWT,0.4444444444444444,not_churn
3692-JHONH,0.2222222222222222,not_churn
5550-VFRLC,0.8888888888888888,churn
0048-LUMLS,0.3333333333333333,not_churn
0302-JOIVN,0.8888888888888888,churn
8099-MZPUJ,0.4444444444444444,not_churn
2519-ERQOJ,0.0,not_churn
9274-UARKJ,0.6666666666666666,churn
4115-BNPJY,0.1111111111111111,not_churn
1779-PWPMG,0.0,not_churn
4529-CKBCL,0.6666666666666666,churn
9497-QCMMS,0.8888888888888888,churn
9057-SIHCH,0.6666666666666666,churn
6145-NNPNO,0.5555555555555556,churn
5600-PDUJF,0.3333333333333333,not_churn
6270-OMFIW,0.1111111111111111,not_churn
3316-UWXUY,0.2222222222222222,not_churn
7321-KKSDU,0.1111111111111111,not_churn
8878-HMWBV,0.7777777777777778,churn
2684-EIWEO,0.4444444444444444,not_churn
4547-FZJWE,0.2222222222222222,not_churn
4750-UKWJK,0.0,not_churn
1902-XBTFB,0.1111111111111111,not_churn
5324-KTGCG,0.0,not_churn
8714-EUHJO,0.3333333333333333,not_churn
1472-TNCWL,0.3333333333333333,not_churn
3932-CMDTD,0.6666666666666666,churn
5727-MYATE,0.3333333333333333,not_churn
6008-NAIXK,0.2222222222222222,not_churn
9506-UXUSK,0.3333333333333333,not_churn
1042-HFUCW,0.1111111111111111,not_churn
4237-CLSMM,0.2222222222222222,not_churn
4588-YBNIB,0.3333333333333333,not_churn
0940-OUQEC,0.3333333333333333,not_churn
9095-HFAFX,0.4444444444444444,not_churn
1400-MMYXY,0.7777777777777778,churn
3999-QGRJH,0.2222222222222222,not_churn
7169-YWAMK,0.1111111111111111,not_churn
7831-QGOXH,0.2222222222222222,not_churn
9432-RUVSL,0.0,not_churn
1184-PJVDB,0.7777777777777778,churn
7534-BFESC,0.2222222222222222,not_churn
6439-PKTRR,0.1111111111111111,not_churn
8309-PPCED,0.1111111111111111,not_churn
6898-RBTLU,0.2222222222222222,not_churn
9692-TUSXH,0.2222222222222222,not_churn
5996-EBTKM,0.1111111111111111,not_churn
3737-XBQDD,0.2222222222222222,not_churn
9943-VSZUV,0.1111111111111111,not_churn
6818-DJXAA,0.4444444444444444,not_churn
7537-RBWEA,0.5555555555555556,churn
9269-CQOOL,0.5555555555555556,churn
8740-CRYFY,0.8888888888888888,churn
9053-EJUNL,0.3333333333333333,not_churn
9974-JFBHQ,0.1111111111111111,not_churn
3858-XHYJO,0.4444444444444444,not_churn
5168-MQQCA,0.1111111111111111,not_churn
8065-BVEPF,0.0,not_churn
0221-WMXNQ,0.7777777777777778,churn
2545-LXYVJ,0.0,not_churn
1009-IRMNA,0.2222222222222222,not_churn
0164-XAIRP,0.0,not_churn
0431-APWVY,0.4444444444444444,not_churn
7337-CINUD,0.0,not_churn
2277-DJJDL,0.1111111111111111,not_churn
6918-UMQCG,0.3333333333333333,not_churn
8992-VONJD,0.2222222222222222,not_churn
6384-VMJHP,0.3333333333333333,not_churn
1389-WNUIB,0.2222222222222222,not_churn
1196-AMORA,0.2222222222222222,not_churn
9242-TKFSV,0.0,not_churn
2307-FYNNL,0.1111111111111111,not_churn
1905-OEILC,0.4444444444444444,not_churn
4826-DXMUP,0.3333333333333333,not_churn
7964-ZRKKG,0.1111111111111111,not_churn
9522-ZSINC,0.0,not_churn
8313-NDOIA,0.5555555555555556,churn
8050-DVOJX,0.1111111111111111,not_churn
7010-BRBUU,0.0,not_churn
1963-SVUCV,0.7777777777777778,churn
8920-NAVAY,0.1111111111111111,not_churn
0396-YCHWO,0.5555555555555556,churn
1984-FCOWB,0.3333333333333333,not_churn
6305-YLBMM,0.0,not_churn
9824-QCJPK,0.1111111111111111,not_churn
1322-AGOQM,0.0,not_churn
3230-WYKIR,0.4444444444444444,not_churn
9873-MNDKV,0.0,not_churn
9862-KJTYK,0.0,not_churn
0411-EZJZE,0.6666666666666666,churn
2977-CEBSX,0.1111111111111111,not_churn
7129-CAKJW,0.3333333333333333,not_churn
0376-YMCJC,0.3333333333333333,not_churn
8165-CBKXO,0.2222222222222222,not_churn
0454-OKRCT,0.3333333333333333,not_churn
1360-JYXKQ,0.3333333333333333,not_churn
3057-VJJQE,0.1111111111111111,not_churn
6543-XRMYR,0.2222222222222222,not_churn
9921-EZKBY,0.2222222222222222,not_churn
2808-CHTDM,0.0,not_churn
0742-LAFQK,0.1111111111111111,not_churn
7089-RKVSZ,0.1111111111111111,not_churn
7404-JLKQG,0.7777777777777778,churn
3522-CDKHF,0.2222222222222222,not_churn
8566-YPRGL,0.4444444444444444,not_churn
3346-BRMIS,0.1111111111111111,not_churn
2284-VFLKH,0.1111111111111111,not_churn
8777-MBMTS,0.1111111111111111,not_churn
4291-HPAXL,0.4444444444444444,not_churn
3030-YDNRM,0.2222222222222222,not_churn
0531-ZZJWQ,0.1111111111111111,not_churn
4636-OLWOE,0.2222222222222222,not_churn
5960-MVTUK,0.4444444444444444,not_churn
1589-AGTLK,0.4444444444444444,not_churn
1862-QRWPE,0.1111111111111111,not_churn
3638-VBZTA,0.1111111111111111,not_churn
7277-KAMWT,0.0,not_churn
9838-BFCQT,0.0,not_churn
5002-GCQFH,0.3333333333333333,not_churn
2675-OTVVJ,0.3333333333333333,not_churn
4139-DETXS,0.1111111111111111,not_churn
9167-APMXZ,0.1111111111111111,not_churn
5619-PTMIK,0.0,not_churn
4385-ZKVNW,0.1111111111111111,not_churn
6119-SPUDB,0.0,not_churn
0699-NDKJM,0.0,not_churn
0867-LDTTC,0.5555555555555556,churn
7080-TNUWP,0.1111111111111111,not_churn
8922-NPKBJ,0.0,not_churn
3945-GFWQL,0.1111111111111111,not_churn
4083-EUGRJ,0.1111111111111111,not_churn
8513-OLYGY,0.0,not_churn
5146-YYFRZ,0.0,not_churn
2907-ILJBN,0.2222222222222222,not_churn
1597-FZREH,0.7777777777777778,churn
7812-FZHPE,0.1111111111111111,not_churn
6919-ELBGL,0.0,not_churn
7312-XSBAT,0.2222222222222222,not_churn
1891-QRQSA,0.0,not_churn
5155-AZQPB,0.1111111111111111,not_churn
9039-RBEEE,0.0,not_churn
8413-VONUO,0.7777777777777778,churn
6402-SSEJG,0.2222222222222222,not_churn
6322-PJJDJ,0.3333333333333333,not_churn
7966-YOTQW,0.0,not_churn
1088-CNNKB,0.1111111111111111,not_churn
3831-YCPUO,0.0,not_churn
2672-TGEFF,0.1111111111111111,not_churn
0354-WYROK,0.2222222222222222,not_churn
1684-FLBGS,0.1111111111111111,not_churn
7654-YWJUF,0.1111111111111111,not_churn
1814-DKOLC,0.1111111111111111,not_churn
2777-PHDEI,0.8888888888888888,churn
0017-IUDMW,0.0,not_churn
3521-MNKLV,0.2222222222222222,not_churn
9501-UKKNL,0.2222222222222222,not_churn
1760-CAZHT,0.0,not_churn
9507-EXLTT,0.8888888888888888,churn
0733-VUNUW,0.1111111111111111,not_churn
3063-QFSZL,0.4444444444444444,not_churn
4940-KHCWD,0.2222222222222222,not_churn
3481-JHUZH,0.1111111111111111,not_churn
8262-COGGB,0.2222222222222222,not_churn
6479-VDGRK,0.2222222222222222,not_churn
0208-BPQEJ,0.0,not_churn
3413-CSSTH,0.1111111111111111,not_churn
0823-HSCDJ,0.1111111111111111,not_churn
3758-CKOQL,0.2222222222222222,not_churn
2038-OEQZH,0.5555555555555556,churn
5136-RGMZO,0.4444444444444444,not_churn
9279-CJEOJ,0.2222222222222222,not_churn
0259-GBZSH,0.6666666666666666,churn
0519-XUZJU,0.7777777777777778,churn
4302-ZYFEL,0.0,not_churn
5103-MHMHY,0.7777777777777778,churn
7244-QWYHG,0.2222222222222222,not_churn
2073-QBVBI,0.0,not_churn
2732-ISEZX,0.1111111111111111,not_churn
4501-VCPFK,0.0,not_churn
7550-WIQVA,0.3333333333333333,not_churn
6347-DCUIK,0.5555555555555556,churn
5035-BVCXS,0.6666666666666666,churn
1346-PJWTK,0.1111111111111111,not_churn
3771-PZOBW,0.6666666666666666,churn
6972-SNKKW,0.2222222222222222,not_churn
3458-IDMFK,0.0,not_churn
4280-DLSHD,0.4444444444444444,not_churn
6013-BHCAW,0.0,not_churn
2606-PKWJB,0.0,not_churn
3070-BDOQC,0.3333333333333333,not_churn
4282-YMKNA,0.4444444444444444,not_churn
3658-QQJYD,0.0,not_churn
2379-ENZGV,0.3333333333333333,not_churn
5835-BEQEU,0.6666666666666666,churn
1624-NALOJ,0.5555555555555556,churn
8963-MQVYN,0.0,not_churn
4359-INNWN,0.0,not_churn
8808-ELEHO,0.4444444444444444,not_churn
1360-XFJMR,0.1111111111111111,not_churn
0734-OXWBT,0.5555555555555556,churn
8706-HRADD,0.0,not_churn
7207-RMRDB,0.0,not_churn
6647-ZEDXT,0.2222222222222222,not_churn
8384-FZBJK,0.2222222222222222,not_churn
4510-PYUSH,0.1111111111111111,not_churn
5197-LQXXH,0.1111111111111111,not_churn
2592-YKDIF,0.1111111111111111,not_churn
7469-LKBCI,0.0,not_churn
5630-IXDXV,0.2222222222222222,not_churn
6728-CZFEI,0.3333333333333333,not_churn
3551-HUAZH,0.8888888888888888,churn
3655-SNQYZ,0.0,not_churn
3106-ULWFW,0.5555555555555556,churn
1177-XZBJL,0.1111111111111111,not_churn
7295-JOMMD,0.5555555555555556,churn
5846-NEQVZ,0.0,not_churn
0931-MHTEM,0.3333333333333333,not_churn
0617-AQNWT,0.1111111111111111,not_churn
7794-JASDG,0.8888888888888888,churn
8782-LKFPK,0.3333333333333333,not_churn
7945-HLKEA,0.0,not_churn
9117-SHLZX,0.7777777777777778,churn
7139-JZFVG,0.2222222222222222,not_churn
8652-YHIYU,0.5555555555555556,churn
9919-FZDED,0.0,not_churn
9462-MJUAW,0.2222222222222222,not_churn
4030-VPZBD,0.4444444444444444,not_churn
3878-AVSOQ,0.7777777777777778,churn
6581-NQCBA,0.1111111111111111,not_churn
9845-PEEKO,0.0,not_churn
8597-CTXVJ,0.1111111111111111,not_churn
4482-EWFMI,0.5555555555555556,churn
5597-GLBUC,0.8888888888888888,churn
1925-TIBLE,0.5555555555555556,churn
4622-YNKIJ,0.6666666666666666,churn
9618-LFJRU,0.1111111111111111,not_churn
2454-RPBRZ,0.5555555555555556,churn
5887-IKKYO,0.2222222222222222,not_churn
8999-EXMNO,0.1111111111111111,not_churn
3654-ARMGP,0.0,not_churn
7471-MQPOS,0.3333333333333333,not_churn
8597-CWYHH,0.3333333333333333,not_churn
2969-VAPYH,0.0,not_churn
6275-YDUVO,0.7777777777777778,churn
9688-YGXVR,0.1111111111111111,not_churn
2479-BRAMR,0.1111111111111111,not_churn
0925-VYDLG,0.5555555555555556,churn
6807-SIWJI,0.3333333333333333,not_churn
4824-GUCBY,0.1111111111111111,not_churn
0673-IGUQO,0.2222222222222222,not_churn
8091-TTVAX,0.0,not_churn
3546-GHEAE,0.2222222222222222,not_churn
4776-XSKYQ,0.0,not_churn
3001-UNBTL,0.2222222222222222,not_churn
2810-FTLEM,0.2222222222222222,not_churn
8309-IEYJD,0.7777777777777778,churn
3913-RDSJZ,0.0,not_churn
7601-GNDYK,0.0,not_churn
6969-MVBAI,0.6666666666666666,churn
2257-BOVXD,0.4444444444444444,not_churn
7740-BTPUX,0.2222222222222222,not_churn
9065-ZCPQX,0.1111111111111111,not_churn
7593-JNWRU,0.4444444444444444,not_churn
3308-MHOOC,0.1111111111111111,not_churn
2205-LPVGL,0.5555555555555556,churn
5844-QVTAT,0.1111111111111111,not_churn
7401-RUBNK,0.5555555555555556,churn
2275-RBYQS,0.6666666666666666,churn
6265-FRMTQ,0.0,not_churn
0212-ISBBF,0.0,not_churn
4315-MURBD,0.8888888888888888,churn
5089-IFSDP,0.3333333333333333,not_churn
3419-SNJJD,0.0,not_churn
9058-CBREO,0.7777777777777778,churn
4906-ZHGPK,0.0,not_churn
7162-WPHPM,0.2222222222222222,not_churn
2703-AMTUL,0.1111111111111111,not_churn
9140-CZQZZ,0.0,not_churn
7049-GKVZY,0.3333333333333333,not_churn
7951-VRDVK,0.3333333333333333,not_churn
9436-ZBZCT,0.4444444444444444,not_churn
3794-NFNCH,0.2222222222222222,not_churn
5997-OPVFA,0.1111111111111111,not_churn
3092-IGHWF,0.2222222222222222,not_churn
5954-BDFSG,0.0,not_churn
6217-KDYWC,0.0,not_churn
3739-YBWAB,0.1111111111111111,not_churn
7558-IMLMT,0.0,not_churn
3378-AJRAO,0.0,not_churn
4255-DDUOU,0.3333333333333333,not_churn
7660-HDPJV,1.0,churn
2889-FPWRM,0.0,not_churn
6400-BWQKW,0.4444444444444444,not_churn
7508-SMHXL,0.4444444444444444,not_churn
3572-UUHRS,0.0,not_churn
3956-CJUST,0.1111111111111111,not_churn
3043-SUDUA,0.0,not_churn
4080-OGPJL,0.1111111111111111,not_churn
5397-TUPSH,0.1111111111111111,not_churn
1707-HABPF,0.4444444444444444,not_churn
9530-GRMJG,0.0,not_churn
4191-XOVOM,0.1111111111111111,not_churn
3992-YWPKO,0.8888888888888888,churn
0420-TXVSG,0.1111111111111111,not_churn
6968-URWQU,0.1111111111111111,not_churn
6959-GQEGV,0.1111111111111111,not_churn
7188-CBBBA,0.2222222222222222,not_churn
3509-GWQGF,0.1111111111111111,not_churn
7598-UAASY,0.7777777777777778,churn
9424-CMPOG,0.0,not_churn
5590-ZSKRV,0.1111111111111111,not_churn
4390-KYULV,0.0,not_churn
9231-ZJYAM,0.4444444444444444,not_churn
7115-IRDHS,0.0,not_churn
7552-KEYGT,0.0,not_churn
3590-TCXTB,0.1111111111111111,not_churn
4710-NKCAW,0.8888888888888888,churn
8024-XNAFQ,0.3333333333333333,not_churn
3354-OADJP,0.4444444444444444,not_churn
9755-JHNMN,0.3333333333333333,not_churn
3071-VBYPO,0.7777777777777778,churn
1060-ENTOF,0.1111111111111111,not_churn
7167-PCEYD,0.0,not_churn
5778-BVOFB,0.2222222222222222,not_churn
4418-LZMSV,0.4444444444444444,not_churn
5387-ASZNZ,0.0,not_churn
3803-KMQFW,0.2222222222222222,not_churn
1658-TJVOA,0.4444444444444444,not_churn
9548-LERKT,0.0,not_churn
2817-LVCPP,0.0,not_churn
4257-GAESD,0.4444444444444444,not_churn
0696-UKTOX,0.0,not_churn
9391-TTOYH,0.0,not_churn
1112-CUNAO,0.5555555555555556,churn
9108-EJFJP,0.5555555555555556,churn
4998-IKFSE,0.3333333333333333,not_churn
6350-XFYGW,0.6666666666666666,churn
8197-BFWVU,0.0,not_churn
7028-DVOIQ,0.1111111111111111,not_churn
5522-NYKPB,0.1111111111111111,not_churn
6479-OAUSD,0.0,not_churn
0979-PHULV,0.0,not_churn
8734-DKSTZ,0.8888888888888888,churn
0847-HGRML,0.0,not_churn
3716-LRGXK,0.1111111111111111,not_churn
1897-OKVMW,0.1111111111111111,not_churn
2968-SSGAA,0.6666666666666666,churn
4002-BQWPQ,0.2222222222222222,not_churn
3317-VLGQT,0.4444444444444444,not_churn
1853-UDXBW,0.8888888888888888,churn
0608-JDVEC,0.0,not_churn
5364-XYIRR,0.2222222222222222,not_churn
3810-PJUHR,0.0,not_churn
8190-ZTQFB,0.2222222222222222,not_churn
7753-USQYQ,0.1111111111111111,not_churn
2722-JMONI,0.1111111111111111,not_churn
6961-MJKBO,0.0,not_churn
7799-LGRDP,0.0,not_churn
6029-CSMJE,0.1111111111111111,not_churn
8805-JNRAZ,0.5555555555555556,churn
1265-ZFOSD,0.5555555555555556,churn
0541-FITGH,0.5555555555555556,churn
8404-VIOMB,0.0,not_churn
4329-YPDDQ,0.1111111111111111,not_churn
0623-IIHUG,0.1111111111111111,not_churn
3865-QBWSJ,0.3333333333333333,not_churn
6344-SFJVH,0.0,not_churn
7554-AKDQF,0.2222222222222222,not_churn
6906-ANDWJ,0.4444444444444444,not_churn
3717-LNXKW,0.5555555555555556,churn
8263-QMNTJ,0.0,not_churn
6458-CYIDZ,0.5555555555555556,churn
5057-RKGLH,0.0,not_churn
5115-SQAAU,0.0,not_churn
5622-UEJFI,0.0,not_churn
5329-KRDTM,0.0,not_churn
6461-PPAXN,0.0,not_churn
4452-QIIEB,0.3333333333333333,not_churn
6818-WOBHJ,0.2222222222222222,not_churn
7779-ORAEL,0.3333333333333333,not_churn
6169-PPETC,0.0,not_churn
2848-YXSMW,0.0,not_churn
6061-GWWAV,0.0,not_churn
0218-QNVAS,0.1111111111111111,not_churn
8608-OZTLB,0.3333333333333333,not_churn
8728-SKJLR,0.4444444444444444,not_churn
8901-UPRHR,0.4444444444444444,not_churn
0013-SMEOE,0.0,not_churn
6519-CFDBX,0.7777777777777778,churn
4488-PSYCG,0.0,not_churn
6849-OYAMU,0.5555555555555556,churn
3932-IJWDZ,0.3333333333333333,not_churn
5135-RDDQL,0.4444444444444444,not_churn
1169-WCVAK,0.3333333333333333,not_churn
0742-MOABM,0.6666666666666666,churn
4698-KVLLG,0.1111111111111111,not_churn
1661-CZBAU,0.2222222222222222,not_churn
8644-XYTSV,0.2222222222222222,not_churn
3714-NTNFO,0.2222222222222222,not_churn
0953-LGOVU,0.4444444444444444,not_churn
0464-WJTKO,0.0,not_churn
8593-WHYHV,0.7777777777777778,churn
7989-CHGTL,0.3333333333333333,not_churn
7998-ZLXWN,0.0,not_churn
4957-TREIR,0.5555555555555556,churn
7501-VTYLJ,0.6666666666666666,churn
0447-BEMNG,0.0,not_churn
0637-YLETY,0.3333333333333333,not_churn
2476-YGEFM,0.1111111111111111,not_churn
5949-HGVJL,0.2222222222222222,not_churn
5939-XAIXZ,0.1111111111111111,not_churn
9847-HNVGP,0.0,not_churn
4576-CSAJH,0.3333333333333333,not_churn
4747-LCAQL,0.4444444444444444,not_churn
7595-EHCDL,0.1111111111111111,not_churn
4003-OCTMP,0.1111111111111111,not_churn
7617-EYGLW,0.3333333333333333,not_churn
6447-EGDIV,0.0,not_churn
2796-NNUFI,0.0,not_churn
6362-QHAFM,0.0,not_churn
6838-HVLXG,0.1111111111111111,not_churn
8205-VSLRB,0.1111111111111111,not_churn
2276-YDAVZ,0.8888888888888888,churn
1839-FBNFR,0.0,not_churn
9386-LDCZR,0.1111111111111111,not_churn
3512-IZIKN,0.0,not_churn
9675-ICXCT,0.0,not_churn
3003-CMDUU,0.4444444444444444,not_churn
6469-QJKZW,0.0,not_churn
3387-VATUS,0.8888888888888888,churn
5628-FCGYG,0.2222222222222222,not_churn
5244-IRFIH,0.2222222222222222,not_churn
9092-GDZKO,0.0,not_churn
6410-LEFEN,0.3333333333333333,not_churn
8606-CIQUL,0.0,not_churn
4742-DRORA,0.1111111111111111,not_churn
7190-XHTWJ,0.0,not_churn
9739-JLPQJ,0.0,not_churn
6745-JEFZB,0.3333333333333333,not_churn
5939-SXWHM,0.0,not_churn
0602-DDUML,0.1111111111111111,not_churn
3132-TVFDZ,0.2222222222222222,not_churn
9734-YWGEX,0.5555555555555556,churn
5951-AOFIH,0.3333333333333333,not_churn
0030-FNXPP,0.2222222222222222,not_churn
9229-RQABD,0.0,not_churn
0394-YONDK,0.0,not_churn
6513-EECDB,0.7777777777777778,churn
3295-YVUSR,0.5555555555555556,churn
8450-UYIBU,0.0,not_churn
9170-CCKOU,1.0,churn
8260-NGFNY,0.5555555555555556,churn
8430-TWCBX,0.0,not_churn
4902-OHLSK,0.2222222222222222,not_churn
5562-YJQGT,0.3333333333333333,not_churn
3156-QLHBO,0.0,not_churn
5501-TVMGM,0.4444444444444444,not_churn
9668-PUGNU,0.0,not_churn
4686-GEFRM,0.2222222222222222,not_churn
7690-KPNCU,0.0,not_churn
6176-YJWAS,0.1111111111111111,not_churn
6685-XSHHU,0.0,not_churn
9650-VBUOG,0.1111111111111111,not_churn
9391-DXGGG,0.2222222222222222,not_churn
5975-BAICR,0.3333333333333333,not_churn
8058-DMYRU,0.1111111111111111,not_churn
6015-VVHHE,0.7777777777777778,churn
4840-ORQXB,0.0,not_churn
2252-NKNSI,0.0,not_churn
5144-TVGLP,0.3333333333333333,not_churn
6475-VHUIZ,0.4444444444444444,not_churn
1270-XKUCC,0.0,not_churn
8012-SOUDQ,0.3333333333333333,not_churn
6859-RKMZJ,0.3333333333333333,not_churn
9878-TNQGW,0.7777777777777778,churn
3312-ZWLGF,0.1111111111111111,not_churn
6235-VDHOM,0.1111111111111111,not_churn
0750-EBAIU,0.3333333333333333,not_churn
7663-YJHSN,0.1111111111111111,not_churn
9150-HEPMB,0.1111111111111111,not_churn
4039-HEUNW,0.2222222222222222,not_churn
3165-HDOEW,0.7777777777777778,churn
1469-LBJQJ,0.1111111111111111,not_churn
8519-QJGJD,0.2222222222222222,not_churn
5931-FLJJF,0.2222222222222222,not_churn
5730-RIITO,0.0,not_churn
5473-KHBPS,0.1111111111111111,not_churn
1895-QTKDO,0.5555555555555556,churn
3387-PLKUI,0.0,not_churn
5669-SRAIP,0.3333333333333333,not_churn
8158-WPEZG,0.3333333333333333,not_churn
0906-QVPMS,0.0,not_churn
6683-VLCTZ,0.3333333333333333,not_churn
8084-OIVBS,0.0,not_churn
8665-UTDHZ,0.4444444444444444,not_churn
5371-VYLSX,0.3333333333333333,not_churn
8167-GJLRN,0.4444444444444444,not_churn
6734-GMPVK,0.7777777777777778,churn
9227-YBAXE,0.1111111111111111,not_churn
5756-JYOJT,0.3333333333333333,not_churn
0057-QBUQH,0.0,not_churn
7613-LLQFO,0.4444444444444444,not_churn
6100-FJZDG,0.0,not_churn
3923-CSIHK,0.0,not_churn
4587-NUKOX,0.6666666666666666,churn
3808-HFKDE,0.3333333333333333,not_churn
5696-CEIQJ,0.4444444444444444,not_churn
0757-WCUUZ,0.1111111111111111,not_churn
8550-XSXUQ,0.0,not_churn
6956-SMUCM,0.6666666666666666,churn
4854-SSLTN,0.3333333333333333,not_churn
2223-GDSHL,0.0,not_churn
8266-VBFQL,0.7777777777777778,churn
6797-LNAQX,0.2222222222222222,not_churn
4877-TSOFF,0.1111111111111111,not_churn
1125-SNVCK,0.2222222222222222,not_churn
9530-EHPOH,0.3333333333333333,not_churn
4817-VYYWS,0.0,not_churn
7722-CVFXN,0.2222222222222222,not_churn
2667-WYLWJ,0.1111111111111111,not_churn
3727-RJMEO,0.7777777777777778,churn
0468-YRPXN,0.3333333333333333,not_churn
0193-ESZXP,0.2222222222222222,not_churn
2074-GKOWZ,0.6666666666666666,churn
0191-ZHSKZ,0.2222222222222222,not_churn
3703-KBKZP,0.5555555555555556,churn
3254-YRILK,0.6666666666666666,churn
9824-BEMCV,0.4444444444444444,not_churn
3724-UCSHY,0.0,not_churn
2138-VFAPZ,0.0,not_churn
5519-TEEUH,0.0,not_churn
2115-BFTIW,0.3333333333333333,not_churn
2232-DMLXU,0.3333333333333333,not_churn
0578-SKVMF,0.3333333333333333,not_churn
1746-TGTWV,0.7777777777777778,churn
3398-ZOUAA,0.5555555555555556,churn
1965-DDBWU,0.8888888888888888,churn
0835-JKADZ,0.1111111111111111,not_churn
4312-GVYNH,0.1111111111111111,not_churn
7969-AULMZ,0.2222222222222222,not_churn
5673-FSSMF,0.5555555555555556,churn
0907-HQNTS,0.1111111111111111,not_churn
9774-NRNAU,0.4444444444444444,not_churn
2996-XAUVF,0.1111111111111111,not_churn
4821-WQOYN,0.2222222222222222,not_churn
4119-ZYPZY,0.1111111111111111,not_churn
7434-SHXLS,0.3333333333333333,not_churn
9643-AVVWI,0.5555555555555556,churn
3038-PQIUY,0.4444444444444444,not_churn
8637-XJIVR,0.4444444444444444,not_churn
6357-JJPQT,0.6666666666666666,churn
0247-SLUJI,0.3333333333333333,not_churn
1229-RCALF,0.2222222222222222,not_churn
1498-DQNRX,0.0,not_churn
3841-NFECX,0.0,not_churn
4719-UMSIY,0.1111111111111111,not_churn
7245-JMTTQ,0.0,not_churn
4662-EKDPQ,0.5555555555555556,churn
9577-WJVCQ,0.2222222222222222,not_churn
1241-FPMOF,0.0,not_churn
9631-XEYKE,0.4444444444444444,not_churn
5181-OABFK,0.1111111111111111,not_churn
8065-YKXKD,0.5555555555555556,churn
9392-XBGTD,0.0,not_churn
3026-ATZYV,0.1111111111111111,not_churn
1755-RMCXH,0.1111111111111111,not_churn
3221-CJMSG,0.1111111111111111,not_churn
5062-CJJKH,0.0,not_churn
7623-TRNQN,0.2222222222222222,not_churn
7815-PDTHL,0.0,not_churn
3896-RCYYE,0.1111111111111111,not_churn
4847-TAJYI,0.4444444444444444,not_churn
5075-JSDKI,0.0,not_churn
5018-GWURO,0.0,not_churn
5649-ANRML,0.6666666666666666,churn
2439-QKJUL,0.2222222222222222,not_churn
1866-RZZQS,0.3333333333333333,not_churn
1448-CYWKC,0.2222222222222222,not_churn
6899-PPEEA,0.2222222222222222,not_churn
9134-WYRVP,0.2222222222222222,not_churn
7517-LDMPS,0.3333333333333333,not_churn
1357-BIJKI,0.3333333333333333,not_churn
5759-RCVCB,0.3333333333333333,not_churn
4176-RELJR,0.0,not_churn
3566-CAAYU,0.3333333333333333,not_churn
1187-WILMM,0.0,not_churn
9581-GVBXT,0.0,not_churn
8668-KNZTI,0.1111111111111111,not_churn
7450-NWRTR,0.5555555555555556,churn
7602-DBTOU,0.0,not_churn
3096-WPXBT,0.1111111111111111,not_churn
9637-EIHEQ,0.8888888888888888,churn
6141-OOXUQ,0.3333333333333333,not_churn
2498-XLDZR,0.3333333333333333,not_churn
0567-XRHCU,0.2222222222222222,not_churn
3858-VOBET,0.2222222222222222,not_churn
1563-IWQEX,0.0,not_churn
8570-KLJYJ,0.1111111111111111,not_churn
6100-QQHEB,0.4444444444444444,not_churn
0082-LDZUE,0.4444444444444444,not_churn
7683-CBDKJ,0.4444444444444444,not_churn
7363-QTBIW,0.3333333333333333,not_churn
0206-TBWLC,0.1111111111111111,not_churn
6617-WLBQC,0.1111111111111111,not_churn
0224-RLWWD,0.8888888888888888,churn
4549-ZDQYY,0.1111111111111111,not_churn
4238-JSSWH,0.4444444444444444,not_churn
0021-IKXGC,0.7777777777777778,churn
3786-WOVKF,0.3333333333333333,not_churn
2725-TTRIQ,0.0,not_churn
4531-AUZNK,0.3333333333333333,not_churn
8397-MVTAZ,0.5555555555555556,churn
2190-BCXEC,0.3333333333333333,not_churn
8461-EFQYM,0.0,not_churn
0661-WCQNQ,0.0,not_churn
4707-MAXGU,0.0,not_churn
0485-ZBSLN,0.0,not_churn
2146-EGVDT,0.0,not_churn
5995-WWKKG,0.0,not_churn
2987-BJXIK,0.0,not_churn
6340-DACFT,0.0,not_churn
2516-VQRRV,0.7777777777777778,churn
3934-HXCFZ,0.5555555555555556,churn
1839-UMACK,0.0,not_churn
7929-DMBCV,0.3333333333333333,not_churn
2361-UPSND,0.3333333333333333,not_churn
8879-ZKJOF,0.3333333333333333,not_churn
2662-NNTDK,0.1111111111111111,not_churn
2821-WARNZ,0.0,not_churn
2371-JQHZZ,0.5555555555555556,churn
5575-TPIZQ,0.2222222222222222,not_churn
8869-LIHMK,0.2222222222222222,not_churn
5802-ADBRC,0.1111111111111111,not_churn
7270-BDIOA,0.2222222222222222,not_churn
2675-IJRGJ,0.1111111111111111,not_churn
2045-BMBTJ,0.1111111111111111,not_churn
3863-QSTYI,0.1111111111111111,not_churn
3627-FCRDW,0.5555555555555556,churn
7795-CFOCW,0.0,not_churn
9867-JCZSP,0.0,not_churn
7580-UGXNC,0.5555555555555556,churn
7845-URHJN,0.0,not_churn
1154-HYWWO,0.3333333333333333,not_churn
8544-JNBOX,0.0,not_churn
0112-QWPNC,0.2222222222222222,not_churn
1031-IIDEO,0.7777777777777778,churn
7537-CBQUZ,0.1111111111111111,not_churn
5515-AKOAJ,0.3333333333333333,not_churn
3023-GFLBR,0.3333333333333333,not_churn
8086-OVPWV,0.7777777777777778,churn
7180-PISOG,0.8888888888888888,churn
4376-KFVRS,0.0,not_churn
3120-FAZKD,0.0,not_churn
6121-VZNQB,0.1111111111111111,not_churn
5144-PQCDZ,0.3333333333333333,not_churn
6563-VRERX,0.1111111111111111,not_churn
5766-ZJYBB,0.4444444444444444,not_churn
2691-NZETQ,0.4444444444444444,not_churn
8851-RAGOV,0.4444444444444444,not_churn
4480-MBMLB,0.3333333333333333,not_churn
7216-EWTRS,0.8888888888888888,churn
4670-TABXH,0.3333333333333333,not_churn
0709-TVGUR,0.5555555555555556,churn
0236-HFWSV,1.0,churn
6653-CBBOM,0.7777777777777778,churn
7811-JIVPF,0.0,not_churn
6838-YAUVY,0.1111111111111111,not_churn
6976-BWGLQ,0.0,not_churn
1093-YSWCA,0.0,not_churn
7693-LCKZL,0.4444444444444444,not_churn
3078-ZKNTS,0.1111111111111111,not_churn
9068-VPWQQ,0.1111111111111111,not_churn
9236-NDUCW,0.1111111111111111,not_churn
2226-ICFDO,0.1111111111111111,not_churn
8868-WOZGU,0.1111111111111111,not_churn
3716-BDVDB,1.0,churn
6741-QRLUP,0.2222222222222222,not_churn
9909-DFRJA,0.6666666666666666,churn
9411-TPQQV,0.1111111111111111,not_churn
7114-AEOZE,0.0,not_churn
9114-AAFQH,0.1111111111111111,not_churn
3642-BYHDO,0.0,not_churn
5857-XRECV,0.2222222222222222,not_churn
3733-ZEECP,0.1111111111111111,not_churn
9805-FILKB,0.0,not_churn
8985-OOPOS,0.7777777777777778,churn
5043-TRZWM,0.7777777777777778,churn
5639-NTUPK,0.2222222222222222,not_churn
0661-KBKPA,0.1111111111111111,not_churn
0585-EGDDA,0.3333333333333333,not_churn
2674-MIAHT,0.7777777777777778,churn
4821-SJHJV,0.1111111111111111,not_churn
9531-NSBMR,0.0,not_churn
8410-BGQXN,0.1111111111111111,not_churn
2770-NSVDG,0.3333333333333333,not_churn
3785-KTYSH,0.0,not_churn
1422-DGUBX,0.3333333333333333,not_churn
6250-CGGUN,0.2222222222222222,not_churn
2495-TTHBQ,0.1111111111111111,not_churn
9624-EGDEQ,0.0,not_churn
7629-WFGLW,0.2222222222222222,not_churn
1337-BOZWO,0.1111111111111111,not_churn
4530-NDRKU,0.0,not_churn
9860-LISIZ,0.0,not_churn
3440-JPSCL,0.7777777777777778,churn
2675-DHUTR,0.2222222222222222,not_churn
8008-HAWED,0.3333333333333333,not_churn
1766-GKNMI,0.4444444444444444,not_churn
9638-JIQYA,0.1111111111111111,not_churn
4282-ACRXS,0.1111111111111111,not_churn
4065-JJAVA,0.1111111111111111,not_churn
7253-UVNDW,0.0,not_churn
9863-JZAIC,0.1111111111111111,not_churn
1565-RHDJD,0.7777777777777778,churn
4890-VMUAV,0.0,not_churn
7952-OBOYL,0.6666666666666666,churn
3536-IQCTX,0.3333333333333333,not_churn
2642-MAWLJ,0.1111111111111111,not_churn
4139-SUGLD,0.0,not_churn
8799-OXZMD,0.0,not_churn
5140-FOMCQ,0.1111111111111111,not_churn
5968-XQIVE,0.2222222222222222,not_churn
3724-BSCVH,0.1111111111111111,not_churn
9089-UOWJG,0.4444444444444444,not_churn
4423-YLHDV,0.1111111111111111,not_churn
9586-JGQKH,0.0,not_churn
5160-UXJED,0.2222222222222222,not_churn
1010-DIAUQ,0.6666666666666666,churn
4716-HHKQH,0.5555555555555556,churn
7421-ZLUPA,0.2222222222222222,not_churn
9137-NOQKA,0.2222222222222222,not_churn
4057-FKCZK,0.2222222222222222,not_churn
6719-OXYBR,0.5555555555555556,churn
9418-RUKPH,0.0,not_churn
1508-DFXCU,0.6666666666666666,churn
9360-AHGNL,0.1111111111111111,not_churn
5590-BYNII,0.3333333333333333,not_churn
9953-ZMKSM,0.0,not_churn
8107-RZLNV,0.1111111111111111,not_churn
0581-BXBUB,0.8888888888888888,churn
4903-UYAVB,0.0,not_churn
3537-HPKQT,0.1111111111111111,not_churn
1396-QWFBJ,0.2222222222222222,not_churn
0743-HRVFF,0.0,not_churn
5906-DVAPM,0.2222222222222222,not_churn
6376-GAHQE,0.4444444444444444,not_churn
2867-UIMSS,0.8888888888888888,churn
0106-UGRDO,0.1111111111111111,not_churn
4282-MSACW,0.0,not_churn
0942-KOWSM,0.6666666666666666,churn
4690-LLKUA,0.2222222222222222,not_churn
6689-TCZHQ,0.4444444444444444,not_churn
9158-VCTQB,0.1111111111111111,not_churn
7217-JYHOQ,0.1111111111111111,not_churn
4822-RVYBB,0.6666666666666666,churn
8466-PZBLH,0.4444444444444444,not_churn
3154-HMWUU,0.0,not_churn
6857-TKDJV,0.0,not_churn
6298-QDFNH,0.2222222222222222,not_churn
5219-YIPTK,0.1111111111111111,not_churn
6749-UTDVX,0.1111111111111111,not_churn
5338-YHWYT,0.3333333333333333,not_churn
0318-QUUOB,0.7777777777777778,churn
0895-DQHEW,0.4444444444444444,not_churn
2097-YVPKN,0.0,not_churn
7868-BGSZA,0.1111111111111111,not_churn
5726-CVNYA,0.1111111111111111,not_churn
2402-TAIRZ,0.3333333333333333,not_churn
2452-MRMZF,0.0,not_churn
4317-VTEOA,0.8888888888888888,churn
9221-OTIVJ,0.4444444444444444,not_churn
9372-TXXPS,0.0,not_churn
5569-IDSEY,0.3333333333333333,not_churn
8327-WKMIE,0.0,not_churn
0980-PVMRC,0.0,not_churn
7548-SEPYI,0.6666666666666666,churn
3460-TJBWI,0.0,not_churn
8559-CIZFV,0.3333333333333333,not_churn
2937-FTHUR,0.3333333333333333,not_churn
8104-OSKWT,0.5555555555555556,churn
5624-BQSSA,0.3333333333333333,not_churn
1080-BWSYE,0.0,not_churn
7647-GYYKX,0.0,not_churn
2360-RDGRO,0.0,not_churn
7672-VFMXZ,0.3333333333333333,not_churn
7074-IEVOJ,0.5555555555555556,churn
9399-APLBT,1.0,churn
0970-ETWGE,0.7777777777777778,churn
5697-GOMBF,0.2222222222222222,not_churn
7326-RIGQZ,0.3333333333333333,not_churn
0870-VEMYL,0.4444444444444444,not_churn
1614-JBEBI,0.2222222222222222,not_churn
3892-NXAZG,0.0,not_churn
0851-DFJKB,0.0,not_churn
7622-FWGEW,0.2222222222222222,not_churn
1679-JRFBR,0.0,not_churn
2984-TBYKU,0.4444444444444444,not_churn
8174-TBVCF,0.2222222222222222,not_churn
6686-YPGHK,0.2222222222222222,not_churn
2832-SCUCO,0.3333333333333333,not_churn
8938-UMKPI,0.4444444444444444,not_churn
3976-NLDEZ,0.2222222222222222,not_churn
6924-TDGMT,0.1111111111111111,not_churn
3589-PPVKW,0.0,not_churn
1075-BGWOH,0.2222222222222222,not_churn
9819-FBNSV,0.6666666666666666,churn
7137-NAXML,0.0,not_churn
4024-CSNBY,0.1111111111111111,not_churn
3926-YZVVX,0.0,not_churn
3961-SXAXY,0.5555555555555556,churn
4676-MQUEA,0.4444444444444444,not_churn
6435-SRWBJ,0.6666666666666666,churn
1237-WIYYZ,0.1111111111111111,not_churn
5433-KYGHE,0.5555555555555556,churn
0135-NMXAP,0.4444444444444444,not_churn
4931-TRZWN,0.4444444444444444,not_churn
0248-PGHBZ,0.2222222222222222,not_churn
3487-EARAT,0.2222222222222222,not_churn
8780-IXSTS,0.4444444444444444,not_churn
4881-GQJTW,0.1111111111111111,not_churn
3249-ZPQRG,0.7777777777777778,churn
8718-PTMEZ,0.0,not_churn
4659-NZRUF,0.5555555555555556,churn
4526-EXKKN,0.1111111111111111,not_churn
8981-FJGLA,0.6666666666666666,churn
5730-DBDSI,0.0,not_churn
9820-RMCQV,0.1111111111111111,not_churn
5016-IBERQ,0.3333333333333333,not_churn
6946-LMSQS,0.5555555555555556,churn
7416-CKTEP,0.0,not_churn
1725-MIMXW,0.3333333333333333,not_churn
4106-HADHQ,0.4444444444444444,not_churn
5071-FBJFS,0.4444444444444444,not_churn
7394-FKDNK,1.0,churn
8573-CGOCC,0.1111111111111111,not_churn
7673-BQGKU,0.1111111111111111,not_churn
9073-ZZIAY,0.1111111111111111,not_churn
1506-YJTYT,0.2222222222222222,not_churn
7321-PKUYW,0.5555555555555556,churn
1977-STDKI,0.7777777777777778,churn
0191-EQUUH,0.1111111111111111,not_churn
0595-ITUDF,0.1111111111111111,not_churn
9548-LIGTA,0.0,not_churn
2900-PHPLN,0.0,not_churn
1090-ESELR,0.1111111111111111,not_churn
5537-UXXVS,0.0,not_churn
3148-BLQJT,0.4444444444444444,not_churn
8972-HJWNV,0.6666666666666666,churn
3503-TYDAY,0.1111111111111111,not_churn
2300-RQGOI,0.0,not_churn
3750-YHRYO,0.1111111111111111,not_churn
2004-OCQXK,0.6666666666666666,churn
7159-NOKYQ,0.1111111111111111,not_churn
1379-FRVEB,0.6666666666666666,churn
2982-IHMFT,0.8888888888888888,churn
9541-PWTWO,0.2222222222222222,not_churn
4378-BZYFP,0.0,not_churn
6668-CNMFP,0.3333333333333333,not_churn
8388-DMKAE,0.0,not_churn
4709-LKHYG,0.0,not_churn
4495-LHSSK,0.4444444444444444,not_churn
9637-CDTKZ,0.1111111111111111,not_churn
8108-UXRQN,0.0,not_churn
1492-KGETH,0.0,not_churn
3617-XLSGQ,0.0,not_churn
0559-CKHUS,0.0,not_churn
2233-FAGXV,0.1111111111111111,not_churn
5366-OBVMR,0.4444444444444444,not_churn
0780-XNZFN,0.0,not_churn
3796-ENZGF,0.1111111111111111,not_churn
1952-DVVSW,0.1111111111111111,not_churn
5919-TMRGD,0.8888888888888888,churn
3452-ABWRL,0.2222222222222222,not_churn
6522-YRBXD,0.2222222222222222,not_churn
2346-LOCWC,0.0,not_churn
3244-CQPHU,0.3333333333333333,not_churn
6741-EGCBI,0.4444444444444444,not_churn
3640-JQGJG,0.0,not_churn
4973-RLZVI,0.3333333333333333,not_churn
3744-ZBHON,0.1111111111111111,not_churn
4316-XCSLJ,0.1111111111111111,not_churn
1568-BEKZM,0.1111111111111111,not_churn
9208-OLGAQ,0.8888888888888888,churn
7633-MVPUY,0.0,not_churn
5917-RYRMG,0.0,not_churn
4419-UJMUS,0.2222222222222222,not_churn
2239-CFOUJ,0.1111111111111111,not_churn
1635-HDGFT,0.1111111111111111,not_churn
1485-YDHMM,0.1111111111111111,not_churn
7817-BOQPW,0.7777777777777778,churn
8780-IHCRN,0.1111111111111111,not_churn
9389-ACWBI,0.8888888888888888,churn
1346-UFHAX,0.2222222222222222,not_churn
1215-EXRMO,0.0,not_churn
4959-JOSRX,0.7777777777777778,churn
0376-OIWME,0.2222222222222222,not_churn
4277-UDIEF,0.4444444444444444,not_churn
2668-TZSPS,0.2222222222222222,not_churn
3898-BSJYF,0.3333333333333333,not_churn
8752-GHJFU,0.2222222222222222,not_churn
3407-QGWLG,0.2222222222222222,not_churn
1602-IJQQE,0.8888888888888888,churn
8614-VGMMV,0.1111111111111111,not_churn
0048-PIHNL,0.0,not_churn
1866-NXPSP,0.1111111111111111,not_churn
8677-HDZEE,0.2222222222222222,not_churn
5076-YVXCM,0.3333333333333333,not_churn
8229-TNIQA,0.5555555555555556,churn
2599-CIPQE,0.2222222222222222,not_churn
4957-SREEC,0.0,not_churn
6543-JXSOO,0.0,not_churn
4208-UFFGW,0.8888888888888888,churn
4667-QONEA,0.1111111111111111,not_churn
3791-LGQCY,0.0,not_churn
0128-MKWSG,0.3333333333333333,not_churn
7078-NVFAM,0.1111111111111111,not_churn
2378-VTKDH,0.2222222222222222,not_churn
7407-SUJIZ,0.0,not_churn
3137-LUPIX,0.4444444444444444,not_churn
8388-FYNPZ,0.2222222222222222,not_churn
6769-DYBQN,0.1111111111111111,not_churn
9800-OUIGR,0.0,not_churn
0388-EOPEX,0.6666666666666666,churn
6557-BZXLQ,0.2222222222222222,not_churn
6133-OZILE,0.2222222222222222,not_churn
9565-AXSMR,0.1111111111111111,not_churn
3104-OWCGK,0.2222222222222222,not_churn
8672-OAUPW,0.1111111111111111,not_churn
1045-LTCYT,0.2222222222222222,not_churn
1897-RCFUM,0.0,not_churn
9505-SQFSW,0.8888888888888888,churn
3410-MHHUM,0.1111111111111111,not_churn
6910-HADCM,0.8888888888888888,churn
0634-SZPQA,0.6666666666666666,churn
0117-LFRMW,0.0,not_churn
3520-FJGCV,0.1111111111111111,not_churn
6732-FZUGP,0.1111111111111111,not_churn
7228-PAQPD,0.2222222222222222,not_churn
0369-ZGOVK,0.2222222222222222,not_churn
6195-MELTI,0.2222222222222222,not_churn
8414-MYSHR,0.7777777777777778,churn
5989-OMNJE,0.1111111111111111,not_churn
6508-NJYRO,0.1111111111111111,not_churn
9150-KPBJQ,0.1111111111111111,not_churn
6439-LAJXL,0.4444444444444444,not_churn
1934-SJVJK,0.4444444444444444,not_churn
1930-WNXSB,0.2222222222222222,not_churn
6323-AYBRX,0.0,not_churn
7746-AWNQW,0.2222222222222222,not_churn
5125-CNDSP,0.1111111111111111,not_churn
7563-BIUPC,0.6666666666666666,churn
8630-QSGXK,0.2222222222222222,not_churn
8563-IIOXK,0.2222222222222222,not_churn
0409-WTMPL,0.2222222222222222,not_churn
1849-RJYIG,0.1111111111111111,not_churn
2057-ZBLPD,0.1111111111111111,not_churn
2884-GBPFB,0.1111111111111111,not_churn
2424-WVHPL,1.0,churn
4439-JMPMT,0.6666666666666666,churn
2856-HYAPG,1.0,churn
4054-CUMIA,0.1111111111111111,not_churn
1397-XKKWR,0.4444444444444444,not_churn
3930-ZGWVE,0.4444444444444444,not_churn
3258-SANFR,0.3333333333333333,not_churn
5760-FXFVO,0.5555555555555556,churn
8963-JLGJT,0.7777777777777778,churn
5533-RJFTJ,0.0,not_churn
7621-VPNET,0.4444444444444444,not_churn
8311-UEUAB,0.2222222222222222,not_churn
5982-PSMKW,0.1111111111111111,not_churn
7921-LMDFQ,0.0,not_churn
3097-NQYSN,0.6666666666666666,churn
3640-PHQXK,0.3333333333333333,not_churn
6527-PZFPV,0.0,not_churn
1925-GMVBW,0.1111111111111111,not_churn
1084-UQCHV,1.0,churn
7328-OWMOM,0.0,not_churn
0930-EHUZA,0.4444444444444444,not_churn
3511-BFTJW,0.0,not_churn
5424-RLQLC,0.1111111111111111,not_churn
2181-TIDSV,0.0,not_churn
9314-IJWSQ,0.3333333333333333,not_churn
3262-EIDHV,0.1111111111111111,not_churn
1023-BQXZE,0.0,not_churn
3339-EAQNV,0.1111111111111111,not_churn
0186-CAERR,0.0,not_churn
3239-TPHPZ,0.0,not_churn
3307-TLCUD,0.3333333333333333,not_churn
0818-OCPZO,0.2222222222222222,not_churn
8580-AECUZ,0.8888888888888888,churn
8735-NBLWT,0.1111111111111111,not_churn
4514-GFCFI,0.5555555555555556,churn
6772-KSATR,0.7777777777777778,churn
2474-LCNUE,0.1111111111111111,not_churn
7860-KSUGX,0.0,not_churn
2739-CACDQ,1.0,churn
8735-SDUFN,0.0,not_churn
8679-JOEVF,0.1111111111111111,not_churn
2845-KDHVX,0.0,not_churn
6519-ZHPXP,0.3333333333333333,not_churn
4422-QVIJA,0.2222222222222222,not_churn
6259-WJQLC,0.3333333333333333,not_churn
1710-RCXUS,0.1111111111111111,not_churn
5442-BXVND,0.0,not_churn
9732-EQMWY,0.4444444444444444,not_churn
1047-NNCBF,0.3333333333333333,not_churn
3413-BMNZE,0.7777777777777778,churn
8670-ERCJH,0.1111111111111111,not_churn
0556-FJEGU,0.1111111111111111,not_churn
7721-JXEAW,0.0,not_churn
2259-OUUSZ,0.2222222222222222,not_churn
1139-WUOAH,0.1111111111111111,not_churn
8429-XIBUM,0.3333333333333333,not_churn
7153-CHRBV,0.1111111111111111,not_churn
7511-YMXVQ,0.3333333333333333,not_churn
3981-QSVQI,0.2222222222222222,not_churn
4853-RULSV,0.0,not_churn
4939-KYYPY,0.0,not_churn
2990-IAJSV,0.0,not_churn
3134-DSHVC,0.2222222222222222,not_churn
9975-GPKZU,0.0,not_churn
9128-CPXKI,0.0,not_churn
5846-ABOBJ,0.0,not_churn
2898-LSJGD,0.4444444444444444,not_churn
4377-VDHYI,0.5555555555555556,churn
6092-QZVPP,0.4444444444444444,not_churn
2868-MZAGQ,0.8888888888888888,churn
9600-UDOPK,0.3333333333333333,not_churn
2530-ENDWQ,0.2222222222222222,not_churn
2971-SGAFL,0.4444444444444444,not_churn
5039-LZRQT,0.0,not_churn
9027-YFHQJ,0.1111111111111111,not_churn
7067-KSAZT,0.0,not_churn
4443-EMBNA,0.0,not_churn
7353-YOWFP,0.0,not_churn
3662-FXJFO,0.0,not_churn
9067-YGSCA,0.0,not_churn
8468-FZTOE,0.3333333333333333,not_churn
8887-IPQNC,0.4444444444444444,not_churn
9507-HSMMZ,0.0,not_churn
9866-QEVEE,0.3333333333333333,not_churn
3452-SRFEG,0.3333333333333333,not_churn
6715-OFDBP,0.5555555555555556,churn
3370-GQEAL,0.5555555555555556,churn
0295-QVKPB,0.8888888888888888,churn
7148-XZPHA,0.2222222222222222,not_churn
9170-ARBTB,0.0,not_churn
5840-NVDCG,0.3333333333333333,not_churn
0550-DCXLH,0.3333333333333333,not_churn
5688-KZTSN,0.1111111111111111,not_churn
0207-MDKNV,0.2222222222222222,not_churn
6072-NUQCB,0.0,not_churn
0068-FIGTF,0.2222222222222222,not_churn
2984-RGEYA,0.0,not_churn
0804-XBFBV,0.0,not_churn
9465-RWMXL,0.2222222222222222,not_churn
1099-BTKWT,0.1111111111111111,not_churn
5649-RXQTV,0.3333333333333333,not_churn
6507-ZJSUR,0.2222222222222222,not_churn
4123-DVHPH,0.6666666666666666,churn
6701-DHKWQ,0.2222222222222222,not_churn
8807-ARQET,0.0,not_churn
4412-YLTKF,0.1111111111111111,not_churn
5233-GEEAX,0.2222222222222222,not_churn
1697-LYYYX,0.0,not_churn
1142-WACZW,0.4444444444444444,not_churn
8220-OCUFY,0.2222222222222222,not_churn
8015-IHCGW,0.0,not_churn
4782-OSFXZ,0.1111111111111111,not_churn
1769-GRUIK,0.3333333333333333,not_churn
9822-WMWVG,0.1111111111111111,not_churn
8992-JQYUN,0.6666666666666666,churn
7693-QPEFS,0.2222222222222222,not_churn
2277-VWCNI,0.6666666666666666,churn
4312-KFRXN,0.0,not_churn
7623-HKYRK,0.2222222222222222,not_churn
0991-BRRFB,0.2222222222222222,not_churn
3908-BLSYF,0.6666666666666666,churn
0947-IDHRQ,0.2222222222222222,not_churn
6586-PSJOX,0.0,not_churn
4872-JCVCA,0.2222222222222222,not_churn
0224-HJAPT,0.6666666666666666,churn
3951-NJCVI,0.2222222222222222,not_churn
6549-NNDYT,0.2222222222222222,not_churn
4891-NLUBA,0.0,not_churn
0899-WZRSD,0.2222222222222222,not_churn
6865-JZNKO,0.1111111111111111,not_churn
1976-CFOCS,0.7777777777777778,churn
5876-HZVZM,0.1111111111111111,not_churn
3466-WAESX,0.3333333333333333,not_churn
1015-JPFYW,0.1111111111111111,not_churn
8639-NHQEI,0.1111111111111111,not_churn
2927-QRRQV,0.1111111111111111,not_churn
2637-FKFSY,0.4444444444444444,not_churn
9938-ZREHM,0.0,not_churn
2868-LLSKM,0.0,not_churn
0804-YGEQV,0.0,not_churn
1571-SAVHK,0.8888888888888888,churn
0027-KWYKW,0.3333333333333333,not_churn
5146-CBVOE,0.2222222222222222,not_churn
6651-RLGGM,0.0,not_churn
4465-VDKIQ,0.4444444444444444,not_churn
6339-YPSAH,0.5555555555555556,churn
0867-MKZVY,0.2222222222222222,not_churn
9821-BESNZ,0.3333333333333333,not_churn
6427-FEFIG,0.3333333333333333,not_churn
4476-OSWTN,0.1111111111111111,not_churn
5127-BZENZ,0.0,not_churn
9972-NKTFD,0.2222222222222222,not_churn
8859-DZTGQ,0.1111111111111111,not_churn
4115-UMJFQ,0.2222222222222222,not_churn
6108-OQZDQ,0.6666666666666666,churn
3173-WSSUE,0.0,not_churn
9985-MWVIX,0.8888888888888888,churn
6546-OPBBH,0.0,not_churn
1555-HAPSU,0.0,not_churn
2514-GINMM,0.8888888888888888,churn
4446-BZKHU,0.2222222222222222,not_churn
5419-CONWX,0.6666666666666666,churn
9611-CTWIH,0.6666666666666666,churn
2202-CUYXZ,0.8888888888888888,churn
5204-QZXPU,0.2222222222222222,not_churn
3717-OFRTN,0.4444444444444444,not_churn
7929-SKFGK,0.0,not_churn
4763-PGDPO,0.4444444444444444,not_churn
6158-HDPXZ,0.5555555555555556,churn
8356-WUAOJ,0.6666666666666666,churn
5884-GCYMI,1.0,churn
9142-KZXOP,0.3333333333333333,not_churn
1016-DJTSV,0.1111111111111111,not_churn
9817-APLHW,0.0,not_churn
9185-TQCVP,0.7777777777777778,churn
3745-HRPHI,0.0,not_churn
3836-FZSDJ,0.0,not_churn
3638-DIMPH,0.3333333333333333,not_churn
7876-AEHIG,0.2222222222222222,not_churn
0929-PECLO,0.1111111111111111,not_churn
9945-PSVIP,0.1111111111111111,not_churn
7609-NRNCA,0.0,not_churn
6215-NQCPY,0.3333333333333333,not_churn
1767-CJKBA,0.0,not_churn
2604-XVDAM,0.2222222222222222,not_churn
5334-AFQJB,0.0,not_churn
8495-PRWFH,0.0,not_churn
0308-GIQJT,0.2222222222222222,not_churn
5348-CAGXB,0.3333333333333333,not_churn
5174-ITUMV,0.0,not_churn
1395-OFUWC,0.0,not_churn
4441-NIHPT,0.4444444444444444,not_churn
7021-XSNYE,0.3333333333333333,not_churn
3276-HDUEG,0.8888888888888888,churn
6784-XYJAE,0.0,not_churn
1121-QSIVB,0.4444444444444444,not_churn
0943-ZQPXH,0.4444444444444444,not_churn
8165-ZJRNM,0.0,not_churn
4378-MYPGO,0.1111111111111111,not_churn
0880-FVFWF,0.0,not_churn
1217-VASWC,0.2222222222222222,not_churn
5766-XQXMQ,0.1111111111111111,not_churn
0774-RMNUW,0.0,not_churn
5519-NPHVG,0.5555555555555556,churn
3224-DFQNQ,0.1111111111111111,not_churn
1752-OZXFY,0.1111111111111111,not_churn
3672-YITQD,0.4444444444444444,not_churn
7839-NUIAA,0.0,not_churn
7919-ZODZZ,0.3333333333333333,not_churn
4830-FAXFM,0.1111111111111111,not_churn
2211-RMNHO,0.1111111111111111,not_churn
3359-DSRKA,0.0,not_churn
4634-JLRJT,0.1111111111111111,not_churn
7009-PCARS,0.0,not_churn
4883-QICIH,0.3333333333333333,not_churn
9681-OXGVC,0.6666666666666666,churn
0909-SDHNU,0.1111111111111111,not_churn
2809-ILCYT,0.0,not_churn
7010-ZMVBF,0.0,not_churn
9467-ROOLM,0.0,not_churn
9796-MVYXX,0.3333333333333333,not_churn
0067-DKWBL,0.7777777777777778,churn
9101-NTIXF,0.0,not_churn
4360-PNRQB,0.2222222222222222,not_churn
6518-LGAOV,0.2222222222222222,not_churn
6114-TCFID,0.0,not_churn
9388-ZEYVT,0.0,not_churn
4011-ARPHK,0.1111111111111111,not_churn
5141-ZUVBH,0.7777777777777778,churn
3696-DFHHB,0.0,not_churn
9881-VCZEP,0.1111111111111111,not_churn
3669-WHAFY,0.1111111111111111,not_churn
3996-ZNWYK,0.0,not_churn
4718-DHSMV,0.1111111111111111,not_churn
1406-PUQVY,0.2222222222222222,not_churn
5813-UECBU,0.4444444444444444,not_churn
7503-ZGUZJ,0.8888888888888888,churn
9018-PCIOK,0.1111111111111111,not_churn
4806-DXQCE,0.4444444444444444,not_churn
2235-ZGKPT,0.2222222222222222,not_churn
1813-JLKWR,0.1111111111111111,not_churn
0921-OHLVP,0.2222222222222222,not_churn
8819-WFGGJ,0.0,not_churn
2446-BEGGB,0.5555555555555556,churn
3795-GWTRD,0.1111111111111111,not_churn
6231-WFGFH,0.2222222222222222,not_churn
7594-RQHXR,0.8888888888888888,churn
7950-XWOVN,0.0,not_churn
7480-SPLEF,0.0,not_churn
6905-NIQIN,0.7777777777777778,churn
3058-WQDRE,0.0,not_churn
5311-IHLEI,0.2222222222222222,not_churn
6723-WSNTY,0.1111111111111111,not_churn
7251-XFOIL,0.2222222222222222,not_churn
3280-MRDOF,0.2222222222222222,not_churn
7246-ZGQDF,0.4444444444444444,not_churn
6582-PLFUU,0.0,not_churn
0219-YTZUE,0.5555555555555556,churn
2826-DXLQO,0.2222222222222222,not_churn
0895-LNKRC,0.2222222222222222,not_churn
0390-DCFDQ,0.7777777777777778,churn
1357-MVDOZ,0.3333333333333333,not_churn
9054-FOWNV,0.3333333333333333,not_churn
0810-BDHAW,0.3333333333333333,not_churn
3269-ATYWD,0.4444444444444444,not_churn
6664-FPDAC,0.3333333333333333,not_churn
1996-DBMUS,0.1111111111111111,not_churn
8207-VVMYB,0.0,not_churn
8295-KMENE,0.2222222222222222,not_churn
1455-UGQVH,0.4444444444444444,not_churn
7734-DBOAI,0.4444444444444444,not_churn
7729-XBTWX,0.1111111111111111,not_churn
7716-YTYHG,0.1111111111111111,not_churn
0265-EDXBD,0.4444444444444444,not_churn
4983-CLMLV,0.4444444444444444,not_churn
1205-WNWPJ,0.2222222222222222,not_churn
6005-OBZPH,0.4444444444444444,not_churn
7855-DIWPO,0.2222222222222222,not_churn
2180-DXNEG,0.5555555555555556,churn
7928-VJYAB,0.3333333333333333,not_churn
1626-ERCMM,0.5555555555555556,churn
2688-BHGOG,0.5555555555555556,churn
1098-TDVUQ,0.1111111111111111,not_churn
0013-MHZWF,0.1111111111111111,not_churn
8016-ZMGMO,0.0,not_churn
8109-YUOHE,0.3333333333333333,not_churn
3398-FSHON,1.0,churn
1580-BMCMR,0.4444444444444444,not_churn
5842-POCOP,0.7777777777777778,churn
3209-ZPKFI,0.2222222222222222,not_churn
7055-JCGNI,0.2222222222222222,not_churn
4183-WCSEP,0.0,not_churn
8003-EWNDZ,0.0,not_churn
9701-CDXHR,0.0,not_churn
2428-HYUNX,0.0,not_churn
3199-XGZCY,0.2222222222222222,not_churn
5649-TJHOV,0.0,not_churn
8046-DNVTL,0.2222222222222222,not_churn
6695-FRVEC,0.1111111111111111,not_churn
3957-LXOLK,0.4444444444444444,not_churn
4730-AWNAU,0.1111111111111111,not_churn
6994-FGRHH,0.3333333333333333,not_churn
6352-TWCAU,0.6666666666666666,churn
8654-DHAOW,0.6666666666666666,churn
5386-THSLQ,0.2222222222222222,not_churn
7924-GJZFI,0.1111111111111111,not_churn
1459-QNFQT,0.1111111111111111,not_churn
0074-HDKDG,0.0,not_churn
4795-UXVCJ,0.0,not_churn
7890-VYYWG,0.5555555555555556,churn
5275-PMFUT,0.0,not_churn
3158-MOERK,0.5555555555555556,churn
0289-IVARM,0.2222222222222222,not_churn
5215-LNLDJ,0.1111111111111111,not_churn
9361-YNQWJ,0.1111111111111111,not_churn
8232-CTLKO,0.0,not_churn
9747-DDZOS,0.7777777777777778,churn
1513-XNPPH,0.8888888888888888,churn
2272-JKMSI,0.1111111111111111,not_churn
5995-LFTLE,0.0,not_churn
8292-TYSPY,0.1111111111111111,not_churn
0670-KDOMA,0.2222222222222222,not_churn
6674-KVJHG,0.1111111111111111,not_churn
2753-JMMCV,0.1111111111111111,not_churn
2851-MMUTZ,0.0,not_churn
4697-LUPSU,0.3333333333333333,not_churn
7663-RGWBC,0.5555555555555556,churn
6705-LXORM,0.5555555555555556,churn
9752-ZNQUT,0.3333333333333333,not_churn
0877-SDMBN,0.2222222222222222,not_churn
5555-RNPGT,0.1111111111111111,not_churn
4628-CTTLA,0.1111111111111111,not_churn
0516-QREYC,0.0,not_churn
5198-HQAEN,0.3333333333333333,not_churn
